8and908und9
1fan9fans911101Anhänger9Anhänger91
1fan9fans911101Gebläse9Gebläse93
1sheep9sheep911101Schaf9Schafe93
3small9smaller9smallest903klein9smaller9smallest9
3good9better9best903gut9besser9am besten9
4still904immer noch9
1fire9fires911101Feuer9Feuer93
1car9cars911101Auto9Autos93
1boy9boys911101Junge9Jungen91
1vacuum cleaner9vacuum cleaners911101Staubsauger9Staubsauger91
212put9put9put992402stellen9stelle9stellst9stellt9stellen9stellt9stellen9stellte9stelltest9stellte9stellten9stelltet9stellten9gestellt9stelle9stellt991111
212burn9burned9burned992402brennen9brenne9brennst9brennt9brennen9brennt9brennen9brannte9branntest9brannte9brannten9branntet9brannten9gebrannt9brenne9brennt991111
212turn9turned9turned992402drehen9drehe9drehst9dreht9drehen9dreht9drehen9drehte9drehtest9drehte9drehten9drehtet9drehten9gedreht9drehe9dreht991112
222know9knew9known992402kennen9kenne9kennst9kennt9kennen9kennt9kennen9kannte9kanntest9kannte9kannten9kanntet9kannten9gekannt9kenne9kennt991141
212know9knew9known992402wissen9weiß9weißst9weiß9wissen9weißt9wissen9wusste9wusstest9wusste9wussten9wusstet9wussten9gewusst9wisse9wisst991111
212work9worked9worked992402arbeiten9arbeite9arbeitest9arbeitet9arbeiten9arbeitet9arbeiten9arbeitete9arbeitetest9arbeitete9arbeiteten9arbeitetet9arbeiteten9gearbeitet9arbeite9arbeitet991111
222transmit9transmitted9transmitted992402übertragen9übertrage9überträgst9überträgt9übertragen9übertragt9übertragen9übertrug9übertrugst9übertrug9übertrugen9übertrugt9übertrugen9übertragen9übertrage9übertragt991111
222trust9trusted9trusted992402vertrauen9vertraue9vertraust9vertraut9vertrauen9vertraut9vertrauen9vertraute9vertrautest9vertraute9vertrauten9vertrautet9vertrauten9vertrauen9vertraue9vertraut991131
221love9loved9loved992402lieben9liebe9liebst9liebt9lieben9liebt9lieben9liebte9liebst9liebte9liebten9liebtet9liebten9geliebt9liebe9liebt991141
1love9911101Liebe992
