321beautiful9beautifully903wunderschön9wunderschöner9wunderschönsten9wunderschön90
311big9bigger9biggest9biggly903groß9größer9größsten9groß90
1cat9cats911101Katze9Katzen9201dog9dogs91110
1Hund9Hunde9101pig9pigs911101Schwein9Schweine930
1transmission9transmissions911101Übertragung9Übertragungen920
2transmit9transmitted9transmitted992402übertragen9übertrage9überträgst9überträgt9übertragen9übertragt9übertragen9übertrug9übertrugst9übertrug9übertrugen9übertrugt9übertrugen9übertragen9übertrage9übertragt9911110
1cow9cows911101Kuh9Kühe920
1abort9aborts911101Abbruch9Abbrüche910
1abnormality9abnormalities911101Anomalität9Anomalitäten920
1aborigine9aborigines911101Ureinwohner9Ureinwohner910
4aboriginal9404ursprünglich90
1aboriginal9aboriginals911101Ureinwohner9Ureinwohner910
1frog9frogs911101Frosch9Frösche910
1flower9flowers91110
1Blume9Blumen920
1fly9flies911101Fliege9Fliegen920
1flood9floods911101Flut9Fluten920
1foot9feet911101Fuß9Füße910
1fork9forks911101Gabel9Gabeln920
1fox9foxes911101Fuchs9Füchse910
1fragrance9fragrances911101Duft9Düfte910
1frame9frames911101Rahmen9Rahmen910
1friend9friends911101Freund9Freunde910
1frigate9frigates911101Fregatte9Fregatten920
1function9functions911101Funktion9Funktionen920
1fur9furs911101Fell9Felle930
1game9games911101Spiel9Spiele930
1gang9gangs911101Bande9Banden920
1gap9gaps911101Lücke9Lücken920
1garage9garages911101Garage9Garagen920
1garden9gardens911101Garten9Gärten910
1bag9bags911101Tasche9Taschen920
1ballad9ballads911101Ballade9Balladen920
1balloon9balloons911101Ballon9Ballons910
1bandit9bandits911101Bandit9Banditen910
1banana9bananas911101Banane9Bananen920
1banner9banners911101Banner9Banner910
1barbarian9barbarians911101Barbar9Barbaren910
1barn9barns911101Scheune9Scheunen920
1basket9baskets911101Korb9Körbe910
1bat9bats911101Fledermaus9Fledermäuse920
1batch9batches911101Stapel9Stapel910
1bath9bathes911101Bad9Bäder930
1battle9battles911101Schlacht9Schlachten920
1beach9beaches911101Strand9Strände910
1bean9beans911101Bohne9Bohnen920
1bear9bears911101Bär9Bären910
1bed9beds911101Bett9Betten930
1beer9beers911101Bier9Biere930
1beetle9beetles911101Käfer9Käfer910
1berry9berries911101Beere9Beeren920
1bike9bikes911101Fahrrad9Fahrräder930
1bill9bills911101Rechnung9Rechnungen920
19binoculars911101Fernglas9Ferngläser930
1bird9birds911101Vogel9Vögel910
1birth9birthes911101Geburt9Geburten920
1biscuit9biscuits911101Keks9Kekse910
1bishop9bishops911101Bischof9Bischöfe910
1bitch9bitches911101Schlampe9Schlampen920
1blizzard9blizzards911101Schneesturm9Schneestürme910
1blood9911101Blut9930
1boat9boats911101Boot9Boote930
1body9bodies911101Körper9Körper910
1bone9bones911101Knochen9Knochen910
1book9books911101Buch9Bücher930
1boomerang9boomerangs911101Bumerang9Bumerangs910
1boot9boots911101Stiefel9Stiefel910
1bottle9bottles911101Flasche9Flasche920
1bound9bounds911101Grenze9Grenzen920
1bow9bows911101Bogen9Bögen910
1box9boxes911101Kasten9Kästen910
1boy9boys911101Junge9Jungen910
1bra9bras911101Büstenhalter9Büstenhalter910
1boycott9boycotts911101Boykott9Boykotte930
2boycott9boycotted9boycotted99240
2boykottieren9boykottiere9boykottierst9boykottiert9boykottieren9boykottiert9boykottieren9boykottierte9boykottiertest9boykottierte9boykottierten9boykottiertet9boykottierten9boykottiert9boykottiere9boykottiert9911110
1girl9girls911101Mädchen9Mädchen930
1fan9fans911101Lüfter9Lüfter910
1fan9fans911101Anhänger9Anhänger910
2fan9fanned9fanned992402wedeln9wedele9wedelst9wedelt9wedeln9wedelt9wedeln9wedelte9wedeltest9wedelte9wedelten9wedeltet9wedelten9gewedelt9wedele9wedelt9911110
2fly9flew9flown992402fliegen9fliege9fliegst9fliegt9fliegen9fliegt9fliegen9flog9flogst9flog9flogen9flogt9flogen9geflogen9fliege9fliegt9911110
2tear9tore9torn992402zerreißen9zerreiße9zerreißst9zerreißt9zerreißen9zerreißt9zerreißen9zerriß9zerrißtest9zerriß9zerrissn9zerrißt9zerrissen9zerrissen9zerreiße9zerreißt9911110
2suck9sucked9sucked992402nerven9nerve9nervst9nervt9nerven9nervt9nerven9nervte9nervtest9nervte9nervten9nervtet9nervten9genervt9nerve9nervt9911110
1life9lifes911101Leben9Leben930
1school9schools911101Schule9Schulen920
1mother9mothers911101Mutter9Mütter920
1father9fathers911101Vater9Väter910
321versatile9versatilly903vielseitig9vielseitiger9vielseitigsten9vielseitig90
311good9better9best9well903gut9besser9besten9gut90
1horse9horses911101Pferd9Pferde930
321dangerous9dangerously903gefährlich9gefährlicher9gefährlichsten9gefährlich90
311great9greater9greatest9great903großartig9großartiger9großartigsten9großartig90
311slow9slower9slowest9slowly903langsam9langsamer9langsamsten9langsam90
2drive9drove9driven992402fahren9fahre9fährst9fährt9fahren9fahrt9fahren9fuhr9fuhrst9fuhr9fuhren9fuhrt9fuhren9gefahren9fahr9fahrt9911110
2buy9bought9bought992402kaufen9kaufe9kaufst9kauft9kaufen9kauft9kaufen9kaufte9kauftest9kaufte9kauften9kauftet9kauften9gekauft9kaufe9kauft991111019scissors911101Schere9Scheren9202cut9cut9cut992402schneiden9schneide9schneidest9schneidet9schneiden9schneidet9schneiden9schnitt9schnittest9schnitt9schnitten9schnittet9schnitten9geschneiden9schneide9schneidet99111104always9104immer902work9worked9worked992402arbeiten9arbeite9arbeitest9arbeitet9arbeiten9arbeitet9arbeiten9arbeitete9arbeitetest9arbeitete9arbeiteten9arbeitetet9arbeiteten9gearbeitet9arbeite9arbeitet9911110321intelligent9intelligently903intelligent9intelligenter9intelligentsten9intelligent904never9104niemals904fortunately9304glücklicherweise901ashole9asholes911101Arschloch9Arschlöcher9301vacuum cleaner9vacuum cleaners911101Staubsauger9Staubsauger910311new9newer9newest9newly903neu9neuer9neuesten9neu901design9designs911101Design9Designs930311hard9harder9hardest9hard903hart9härter9härtesten9hart902say9said9said992402sagen9sage9sagst9sagt9sagen9sagt9sagen9sagte9sagtest9sagte9sagten9sagtet9sagten9gesagt9sage9sagt99111101fish9fishes911101Fisch9Fische9101monkey9monkeys911101Affe9Affen9102walk9walked9walked992402laufen9laufe9laufst9lauft9laufen9lauft9laufen9lief9liefst9lief9liefen9lieft9liefen9gelaufen9bla99911110199111019910311hard9harder9hardest9hard903hart9härter9härtesten9hart904really9204wirklich901trousers9trousers911101Hose9Hosen9201hair9911101Haar9Haare9301furniture99111019Möbel9301football9footballs933201Fußball9Fußball9101cricket9crickets933201Cricket9Cricket9301tennis9933201Tennis9Tennis9101hockey9933201Hockey99102play9played9played992402spielen9spiele9spielst9spielt9spielen9spielt9spielen9spielte9spieltest9spielte9spielten9spieltet9spielten9gespielt9bla999112102play9played9played992402spielen9spiele9spielst9spielt9spielen9spielt9spielen9spielte9spieltest9spielte9spielten9spieltet9spielten9gespielt9bla999112101non-smoker9non-smokers911101Nichtraucher9Nichtraucher9101idiot9idiots911101Idiot9Idioten9101violin9violins911101Violine9Violinen9201problem9problems911101Problem9Probleme9304often9104oft901information9911101Information9Informationen920321useful9usefully903nützlich9nützlicher9nützlichsten9nützlich90321lovely9lovely903lieblich9lieblicher9lieblichsten9lieblich901current9911101Strom9910321current9currently903gegenwärtig9gegenwärtiger9gegenwärtigsten9gegenwärtig902loose9lost9lost992402verlieren9verliere9verlierst9verliert9verlieren9verliert9verlieren9verlor9verlorst9verlor9verloren9verlort9verloren9verloren9verl999113101step9steps911101Schritt9Schritte9102need9needed9needed992102brauchen9brauche9brauchst9braucht9brauchen9braucht9brauchen9brauchte9brauchtest9brauchte9brauchten9brauchtet9brauchten9gebraucht9999113102wash9washed9washed992402waschen9wasche9wäschst9wäscht9waschen9wascht9waschen9waschte9waschtest9waschte9waschten9waschtet9waschten9gewaschen9999113104very9204sehr901tooth9teeth911101Zahn9Zähne9101part9parts911101Teil9Teile910321English9Englishly903englisch9englischer9englischsten9englisch90321expensive9expensively903teuer9teuerer9teuersten9teuer901physics9911101Physik99202teach9taught9taught992402unterrichten9unterrichte9unterrichtst9unterrichtet9unterrichten9unterrichtet9unterrichten9unterrichtete9unterrichtetest9unterrichtete9unterrichteten9unterrichtetet9unterrichteten9unterrichtet999911110311happy9happier9happiest9happyly903glücklich9glücklicher9glücklichsten9glücklich902rain9rained9rained992402regnen9regne9regnest9regnet9regnen9regnet9regnen9regnete9regnetest9regnete9regneten9regnetet9regneten9geregnet999911110311late9later9latest9lately903spät9später9spätsten9spät904too9204zu9019glasses911101Brille9Brillen9202break9broken9broken992402zerbrechen9zerbreche9zerbrichst9zerbrecht9zerbrechen9zerbrecht9zerbrechen9zerbrach9zerbrachst9zerbracht9zerbrachen9zerbrachtet9zerbrachen9zerbrochen9999111101progress9911101Fortschritt9Fortschritte9302make9made9made992402machen9mache9machst9macht9machen9macht9machen9machte9machtest9machte9machten9machtet9machten9gemacht99991131019police911101Polizei992049204Fernglas901room9rooms911101Raum9Räume9101atmosphere9atmospheres911101Atmosphäre9Atmosphären920311old9older9oldest9oldly903alt9älter9ältesten9alt904sometimes9104manchmal901adverb9adverbs911101Adverb9Adverbien930321different9differently903verschieden9verschiedener9verschiedensten9verschieden901position9positions911101Position9Positionen9201rule9rules911101Regel9Regeln9201mistake9mistakes911101Fehler9Fehler9101English9911101Englisch99302find9found9found992402finden9finde9findest9findet9finden9findet9finden9fand9fandest9fand9fanden9fandet9fanden9gefunden9999113102follow9followed9followed992402folgen9folge9folgst9folgt9folgen9folgt9folgen9folgte9folgtest9folgte9folgten9folgtet9folgten9gefolgt9999112102use9used9used992402benutzen9benutze9benutzst9benutzt9benutzen9benutzt9benutzen9benutzte9benutztest9benutzte9benutzten9benutztet9benutzten9benutzt9999113102get9got9got992402kriegen9kriege9kriegst9kriegt9kriegen9kriegt9kriegen9kriegte9kriegtest9kriegte9kriegten9kriegtet9kriegten9gekriegt999911310311enough9enougher9enoughest9enough903genug9genuger9genugsten9genug901singer9singers911101Sänger9Sänger9101guitar9guitars911101Gitarre9Gitarren920311only999903einzig9einziger9einzigen9einzig904only9104lediglich904just9104einfach902hide9hid9hidden992402verstecken9verstecke9versteckst9versteckt9verstecken9versteckt9verstecken9versteckte9verstecktest9versteckte9versteckten9verstecktet9versteckten9versteckt9999111202like9liked9liked992102mögen9mag9magst9mag9mögen9mögt9mögen9mochte9mochtest9mochte9mochten9mochtet9mochten9gemocht9möge999113102give9gave9given992402geben9gebe9gibst9gibt9geben9gebt9geben9gab9gabst9gab9gaben9gabt9gaben9gegeben9gäbe999114102love9loved9loved992102lieben9liebe9liebst9liebt9lieben9liebt9lieben9liebte9liebtest9liebte9liebten9liebtet9liebten9geliebt9liebe999113105in front of905vor9306everything9906alles90321competitive9competitively903kunkurrierend999kunkurrierend901world9worlds911101Welt9Welten9205in905in9305with905mit9305to905bis905at905an9401beginning9beginnings911101Anfang9Anfänge9101sentence9sentences911101Satz9Sätze9102place9placed9placed992402patzieren9patziere9patzierst9patziert9patzieren9patziert9patzieren9patzierte9patziertest9patzierte9patzierten9patziertet9patzierten9platziert9999112101word9words911101Wort9Wörter9305between905zwischen9302put9put9put992402stellen9stelle9stellst9stellt9stellen9stellt9stellen9stellte9stelltest9stellte9stellten9stelltet9stellten9gestellt9999113105after905hinter930311whole999whole903ganz999ganz905on905auf9302refer9referred9referred9to92402beziehen9beziehe9beziehst9bezieht9beziehen9bezieht9beziehen9bezog9bezogst9bezog9bezogen9bezogt9bezogen9bezogen999auf91132069some906einig904already9104bereits901translator9translators911101Übersetzer9Übersetzer9102want9wanted9wanted992102wollen9will9willst9will9wollen9wollt9wollen9wollte9wolltest9wollte9wollten9wolltet9wollten9gewollt9999113102fuck9fucked9fucked992402ficken9ficke9fickst9fickt9ficken9fickt9ficken9fickte9ficktest9fickte9fickten9ficktet9fickten9gefickt9999113102wait9waited9waited992402warten9warte9wartest9wartet9warten9wartet9warten9wartete9wartetest9wartete9warteten9wartetet9warteten9gewartet9999111101homework9911101Hausaufgabe9Hausaufgaben9202talk9talked9talked9to92402reden9rede9redest9redet9reden9redet9reden9redete9redetest9redete9redeten9redetet9redeten9geredet9rede9mit9mit9112105to905zu9305instead of905anstatt94019parents9111019Eltern9302stop9stopped9stopped992102aufhören9höre auf9hörst auf9hört auf9hören auf9hört auf9hören auf9hörte auf9hörtest auf9hörte auf9hörten auf9hörtet auf9hörten auf9aufgehört999911310311large9larger9largest9largely903groß9größer9größsten9groß901amount9amounts911101Betrag9Beträge9104what9504was904where9504wo904when9504wann902look9looked9looked992402aussehen9sehe aus9siehst aus9sieht aus9sehen aus9seht aus9sehen aus9sah aus9sahst aus9sah aus9sahen aus9saht aus9sahen aus9ausgesehen9999111104today9604heute902go9went9gone9to92402gehen9gehe9gehst9geht9gehen9geht9gehen9ging9gingst9ging9gingen9gingt9gingen9gegangen9gehe99zu9222102go9went9gone9to92402gehen9gehe9gehst9geht9gehen9geht9gehen9ging9gingst9ging9gingen9gingt9gingen9gegangen9gehe99zu9212102speak9spoke9spoken992402sprechen9spreche9sprechst9sprecht9sprechen9sprecht9sprechen9sprach9sprachst9sprach9sprachen9spracht9sprachen9gesprochen9sprich999123102speak9spoke9spoken992402sprechen9spreche9sprichst9sprecht9sprechen9sprecht9sprechen9sprach9sprachst9sprach9sprachen9spracht9sprachen9gesprochen9sprich999123102speak9spoke9spoken992402sprechen9spreche9sprichst9sprecht9sprechen9sprecht9sprechen9sprach9sprachst9sprach9sprachen9spracht9sprachen9gesprochen9sprich999123102speak9spoke9spoken992402sprechen9spreche9sprichst9spricht9sprechen9sprecht9sprechen9sprach9sprachst9sprach9sprachen9spracht9sprachen9gesprochen9sprich999124102count9counted9counted992402zählen9zähle9zählst9zählt9zählen9zählt9zählen9zählte9zähltest9zählte9zählten9zähltet9zählten9gezählt9999121101home country9home countries911101Heimatland9Heimatländer9302leave9leaved9leaved992402verlassen9verlasse9verlässt9verlässt9verlassen9verlasst9verlassen9verließ9verließst9verließ9verließen9verließt9verließen9verlassen9999123102live9lived9lived992402leben9lebe9lebst9lebt9leben9lebt9leben9lebte9lebtest9lebte9lebten9lebtet9lebten9gelebt9999121102come9came9come992402kommen9komme9kommst9kommt9kommen9kommt9kommen9kam9kamst9kam9kamen9kamt9kamen9gekommen99991211019news911101Nachricht9Nachrichten9201news9911101Nachricht9Nachrichten92019sports911101Sport99104now9604jetzt904still9104immer noch902turn9turned9turned992402drehen9drehe9drehst9dreht9drehen9dreht9drehen9drehte9drehtest9drehte9drehten9drehtet9drehten9gedreht9999111201fire9fires911101Feuer9Feuer9302burn9burned9burned992402brennen9brenne9brennst9brennt9brennen9brennt9brennen9brannte9branntest9brannte9brannten9branntet9brannten9gebrannt9999111102see9seen9seen992402sehen9sehe9sehst9seht9sehen9seht9sehen9sah9sahst9sah9sahen9saht9sahen9gesehen9999113101love9911101Liebe99201car9cars911101Auto9Autos9306this9these906dies906that9those906jen901person9persons911101Person9Personen9202call9called9called992402anrufen9rufe an9rufst an9ruft an9rufen an9ruft an9rufen an9rief an9riefst an9rief an9riefen an9rieft an9riefen an9angerufen999911310321stupid9stupidly903dumm9dümmer9dümmsten9dumm908but908aber9108if908falls9201cinema9cinemas911101Kino9Kinos9304tomorrow9604morgen90321fat9fatly903fett9fetter9fettesten9fett906nothing9906nichts908that908dass9201contract9contracts911101Vertrag9Verträge9101handshake9handshakes911101Handschlag9Handschläge9102seal9sealed9sealed992402besiegeln9besiegele9besiegelst9besiegelt9besiegeln9besiegelt9besiegeln9besiegelte9besiegeltest9besiegelte9besiegelten9besiegeltet9besiegelten9besiegelt9999113105into905in9402translate9translated9translated992402übersetzen9übersetze9übersetzst9übersetzt9übersetzen9übersetzt9übersetzen9übersetzte9übersetztest9übersetzte9übersetzten9übersetztet9übersetzten9übersetzt999911310321broken9brokenly903kaputt9kaputter9kaputtsten9kaputt90321incomplete9incompletely903unvollständig9unvollständiger9unvollständigsten9unvollständig901number9numbers911101Nummer9Nummern9202dial9dialled9dialled992402wählen9wähle9wählst9wählt9wählen9wählt9wählen9wählte9wähltest9wählte9wählten9wähltet9wählten9gewählt9999113102breathe9breathed9breathed992402atmen9atme9atmest9atmet9atmen9atmet9atmen9atmete9atmetest9atmete9atmeten9atmetet9atmeten9geatmet9999113101air9airs911101Luft9Lüfte920311much9more9most9mostly903viel9mehr9meisten9viel908when908wenn9204who9504wer902help9helped9helped992402helfen9helfe9hilfst9hilft9helfen9helft9helfen9half9halftst9half9halfen9halft9halfen9geholfen999911210321available9availablely903verfügbar9verfügbarer9verfügbarsten9verfügbar90311temporare999temporarely903zeitweise9zeitweiseer9zeitweisesten9zeitweise904only9104nur902know9knew9knew992402kennen9kenne9kennst9kennt9kennen9kennt9kennen9kannte9kanntest9kannte9kannten9kanntet9kannten9gekannt9999113102know9knew9knew992402wissen9weiss9weiss9weiss9wissen9wisst9wissen9wusste9wusstest9wusste9wussten9wusstet9wussten9gewusst9999111101day9days911101Tag9Tage910311nice9nicer9nicest9nicely903nett9netter9nettesten9nett902close9closed9closed992402schliesse9schliesse9schliesst9schliesst9schliessen9schliesst9schliessen9schloss9schlosst9schloss9schlossen9schlosst9schlossen9geschlosse9999113101eye9eyes911101Auge9Augen9302trust9trusted9trusted992402vertrauen9vertraue9vertraust9vertraut9vertrauen9vertraut9vertrauen9vertraute9vertrautest9vertraute9vertrauten9vertrautet9vertrauten9vertraut999911210321competetive9competetively903konkurrierend9konkurrierender9konkurrierendsten9konkurrierend902feel9felt9felt992402fühlen9fühle9fühlst9fühlt9fühlen9fühlt9fühlen9fühlte9fühltest9fühlte9fühlten9fühltet9fühlten9gefühlt9999113102install9installed9installed992402installieren9installiere9installierst9installiert9installieren9installiert9installieren9installierte9installiertest9installierte9installierten9installiertet9installierten9installiert9999113101fun9funs911101Spaß9Späße9101name9names911101Name9Namen9102stumble9stumbled9stumbled992402stolpern9stolpere9stolperst9stolpert9stolpern9stolpert9stolpern9stolperte9stolpertest9stolperte9stolperten9stolpertet9stolperten9gestolpert9999121101footstep9footsteps911101Fußstapfen9Fußstapfen9102think9thinked9thinked992402denken9denke9denkst9denkt9denken9denkt9denken9dachte9dachtest9dachte9dachten9dachtet9dachten9gedenkt9999111101device driver9device drivers911101Gerätetreiber9Gerätetreiber9101add-on9add-ons911101Zusatz9Zusätze9102communicate9communicated9communicated9with92402kommunizieren9kommuniziere9kommunizierst9kommuniziert9kommunizieren9kommuniziert9kommunizieren9kommunizierte9kommuniziertest9kommunizierte9kommunizierten9kommuniziertet9kommunizierten9kommuniziert999mit911210321specific9903spezifisch9spezifischer9spezifischsten9spezifisch901device9devices911101Gerät9Geräte9301type9types911101Typ9Typen9101communication9communications911101Kommunikation9Kommunikationen9202involve9involved9involved992402involvieren9involviere9involvierst9involviert9involvieren9involviert9involvieren9involvierte9involviertest9involvierte9involvierten9involviertet9involvierten9involviert999911310321device-specific9903gerätespezifisch9gerätespezifischer9gerätespezifischsten9gerätespezifisch901form9forms911101Form9Formen9201protocol9protocols911101Protokoll9Protokolle9301type of device9type of devices911101Gerätetyp9Gerätetypen9102address9addressed9addressed992402adressieren9adressiere9adressierst9adressiert9adressieren9adressiert9adressieren9adressierte9adressiertest9adressierte9adressierten9adressiertet9adressierten9adressiert9999114101graphics card9graphics cards911101Grafikkarte9Grafikkarten9201class9classes911101Klasse9Klassen9202recognize9recognized9recognized992402erkennen9erkenne9erkennst9erkennt9erkennen9erkennt9erkennen9erkannte9erkanntest9erkannte9erkannten9erkanntet9erkannten9erkennt9999113101application9applications911101Applikation9Applikationen9201bug9bugs911101Bug9Bugs910321entire9entirely903gesamt9gesamter9gesamtsten9gesamt901system9systems911101System9Systeme930321careful9carefully903vorsichtig9vorsichtiger9vorsichtigsten9vorsichtig90321sure9surely903sicher9sicherer9sichersten9sicher902test9tested9tested992402testen9teste9testest9testet9testen9testet9testen9testete9testetest9testete9testeten9testetet9testeten9getestet9999113101work9works911101Arbeit9Arbeiten9202reduce9reduced9reduced992402reduzieren9reduziere9reduzierst9reduziert9reduzieren9reduziert9reduzieren9reduzierte9reduziertest9reduzierte9reduzierten9reduziertet9reduzierten9gearbeitet9arbeite999113101risk9risks911101Risiko9Risiken9301code9codes911101Code9Codes910321possible9possiblely903möglich9möglicher9möglichsten9möglich901section9sections911101Sektion9Sektionen9202cover9covered9covered992402abdecken9decke ab9deckst ab9deckt ab9decken ab9deckt ab9decken ab9deckte ab9decktest ab9deckte ab9deckten ab9decktet ab9deckten ab9gearbeitet9arbeite999113102cover9covered9covered992402abdecken9decke ab9deckst ab9deckt ab9decken ab9deckt ab9decken ab9deckte ab9decktest ab9deckte ab9deckten ab9decktet ab9deckten ab9abgedeckt9arbeite999113101structure9structures911101Struktur9Strukturen9201example9examples911101Beispiel9Beispiele9302write9wrote9wrote992402schreiben9schreibe9schreibst9schreibt9schreiben9schreibt9schreiben9schrieb9schriebst9schrieb9schrieben9schriebt9schrieben9geschrieben9arbeite999113101kernel9kernels911101Kern9Kerne9101entry point9entry points911101Eintrittspunkt9Eintrittspunkte910321known9903bekannt9bekannter9bekanntesten9bekannt902implement9implemented9implemented992402implementieren9implementiere9implementierst9implementiert9implementieren9implementiert9implementieren9implementierte9implementiertest9implementierte9implementierten9implementiertet9implementierten9implementiert9arbeite999113102export9exported9exported992402exportieren9exportiere9exportierst9exportiert9exportieren9exportiert9exportieren9exportierte9exportiertest9exportierte9exportierten9exportiertet9exportierten9exportiert9arbeite99911310321certain9certainly903verschieden9verschiedener9verschiedensten9verschieden901instance9instances911101Instanz9Instanzen9202load9loaded9loaded992402laden9lade9lädst9lädt9laden9ladet9laden9lud9ludst9lud9luden9ludt9luden9geladen9999114101support9supports911101Unterstützung9Unterstützungen920321multiple9903mehrere9mehrereer9mehreresten9mehrere90321same9903selbe9selbeer9selbesten9selbe902desire9desired9desired992402verlangen9verlange9verlangst9verlangt9verlangen9verlangt9verlangen9verlangte9verlangtest9verlangte9verlangten9verlangtet9verlangten9verlangt999911310321capable9903fähig9fähiger9fähigsten9fähig902support9supported9supported992402unterstützen9unterstütze9unterstützst9unterstützt9unterstützen9unterstützt9unterstützen9unterstützte9unterstütztest9unterstützte9unterstützten9unterstütztet9unterstützten9unterstützt9999113102describe9described9described992402beschreiben9beschreibe9beschreibst9beschreibt9beschreiben9beschreibt9beschreiben9beschrieb9beschriebst9beschrieb9beschrieben9beschriebt9beschrieben9beschrieben9999113102keep9kept9kept992402halten9halte9hältst9hältt9halten9haltet9halten9hielt9hieltst9hielt9hielten9hieltt9hielten9gehalten9999113101driver settings file9driver settings files911101Treibereinstellungsdatei9Treibereinstellungsdateien9202keep9kept9kept992402halten9halte9hältst9hält9halten9haltet9halten9hielt9hieltst9hielt9hielten9hieltt9hielten9gehalten999911110313ill999illy903krank9kranker9kranksten9krank90312sick9sicker9sickest9sickly903krank9kranker9kranksten9krank901API9APIs911101API9APIs9201parameter9parameters911101Parameter9Parameter9101subparameter9subparameters911101Unterparameter9Unterparameter9101value9values911101Wert9Werte9107can9can9can9can9can9can9can9can9can9can9can9can9can9can907können9kann9kannst9kann9können9könnt9können9konnte9konntest9konnte9konnten9konntet9konnten9gekonnt999102enjoy9enjoyed9enjoyed992302geniessen9geniesse9geniessst9geniesst9geniessen9geniesst9geniessen9genoss9genossest9genoss9genossen9genosset9genossen9genossen9999113102read9read9read992402lesen9lese9liest9liest9lesen9lest9lesen9las9last9las9lasen9last9lasen9gelesen9999113102get9got9got992402bekommen9bekomme9bekommst9bekommt9bekommen9bekommt9bekommen9bekam9bekamst9bekam9bekamen9bekamt9bekamen9bekommen9999114101son9sons911101Sohn9Söhne9101geek9geeks911101Geek9Geeks9101nerd9nerds911101Nerd9Nerds9105without905ohne940